Chromosome,Position,p-value
chr1,66682867,2.4790514988201657e-10
chr1,57882282,5.787246724797544e-09
chr1,14315092,0.0005647430259071641
chr1,27735830,0.0034302920961797882
chr1,97319575,2.139592716830068e-05
chr1,77737383,2.1648079673479567e-08
chr1,89409749,0.003537588942726855
chr1,14953367,2.1900744246756602e-09
chr1,4344769,0.00035107528925794904
chr1,99750923,1.278717815933022e-07
chr1,31349564,3.5029976894705333e-06
chr1,43860080,6.335818357861509e-07
chr1,63250665,0.004233257576118505
chr1,22498555,1.1724794879541974e-05
chr1,80757501,0.0018842933860636335
chr1,53286002,8.715736057935961e-06
chr1,63194931,1.8225667757929256e-07
chr1,66285250,1.3197046474681481e-09
chr1,62306900,2.4888916130566796e-06
chr1,57972561,2.5639863098061627e-10
chr1,4385357,3.4105248248968984e-09
chr1,69574553,0.0016543335903478273
chr1,96672411,3.011480463387332e-06
chr1,70778859,1.0929108037405955e-06
chr1,14479854,0.00041028229100350844
chr1,69979792,8.506681002061338e-05
chr1,27939239,9.0595936240856e-09
chr1,82200125,6.909646520633196e-07
chr1,67401385,2.8734085350640204e-07
chr1,1271836,1.751148505724721e-10
chr1,53631083,3.047954415345564e-10
chr1,86157821,3.86126024530463e-10
chr1,37601694,4.217024457624253e-10
chr1,35119117,0.00027048121004030247
chr1,61031992,2.0446727319148431e-10
chr1,4366612,7.772874979556234e-06
chr1,92693393,4.813521776189596e-07
chr1,56848857,1.8965205018205205e-10
chr1,58055419,4.5544017191222483e-07
chr1,69394024,4.263948536611298e-05
chr1,39727468,0.002532764734470957
chr1,78897542,4.100040572395177e-06
chr1,86390464,0.0002572021222314947
chr1,24717335,0.007715452791306122
chr1,49715250,2.2138146099322497e-08
chr1,45054178,4.770849050901316e-09
chr1,53441466,0.002556482276013908
chr1,64203558,6.185627967875983e-08
chr1,38407771,1.2450092926845305e-09
chr1,52327755,2.2532833166040737e-05
chr2,5545583,1.0800751706929506e-05
chr2,55079037,2.5034183068247896e-05
chr2,47626914,1.8604486959246426e-07
chr2,53453338,3.2363284661108387e-07
chr2,35045666,0.0011047042695133214
chr2,23178434,8.198220804069061e-09
chr2,75023414,6.796143812631735e-09
chr2,40443226,6.578658837943834e-07
chr2,92444238,0.0012968012889487018
chr2,8887739,0.0013704670050343995
chr2,1769598,6.821678295703923e-10
chr2,29433648,3.055991566426251e-05
chr2,37810847,2.728169243943023e-08
chr2,62553124,0.00010131229812295289
chr2,18750764,4.800331939739797e-07
chr2,67834972,0.0001477796644352303
chr2,63190751,1.6183642197327462e-07
chr2,32288562,0.0005131327123956925
chr2,62777469,8.565839800786583e-08
chr2,82752859,3.720689124203935e-09
chr2,45066131,7.23649076283871e-10
chr2,35755914,2.5423763032978754e-05
chr2,91586459,1.4112933507715738e-05
chr2,3484413,0.001316996448386392
chr2,40449976,6.58383647578267e-08
chr2,3235000,2.8568133891760443e-09
chr2,73931048,3.645439833154418e-05
chr2,37102853,8.203923072633363e-07
chr2,48936136,1.322392048364083e-06
chr2,22200096,0.001099200864628587
chr2,24234510,0.00045047600475350147
chr2,1061087,7.07416240743425e-07
chr2,67653416,5.879097078587135e-06
chr2,11274621,1.68167991878863e-10
chr2,8654909,2.688845306403234e-08
chr2,85302960,0.0006535887381812914
chr2,25210512,7.340943572450723e-05
chr2,34779713,9.518484656436415e-07
chr2,87881845,0.005439940339909978
chr2,6674719,5.418423077117887e-10
chr2,90386386,3.583904161871783e-08
chr2,89917675,2.6165840120051755e-06
chr2,93956357,0.00011575981602843851
chr2,69227907,0.0022551393826505508
chr2,82121402,0.00011553684229328606
chr2,95015781,1.1421810178234116e-05
chr2,32378291,1.3571094443745658e-10
chr2,20433354,2.9413385451275497e-09
chr2,74422991,2.0776865831162294e-09
chr2,36562619,8.598244410980452e-07
chr3,36703247,0.0047184446789553455
chr3,58805563,3.79738915069405e-08
chr3,72244178,2.04552004870902e-08
chr3,34267858,1.6243219071842024e-05
chr3,11421958,0.00040278062174517476
chr3,15764960,6.598175020794382e-06
chr3,77241446,3.2074514408679125e-10
chr3,54777024,3.930782950717683e-08
chr3,71721464,0.0012365504222209677
chr3,80214742,4.660325053304014e-07
chr3,36581225,8.639069707414106e-05
chr3,17037627,0.0003984378456740203
chr3,58631343,3.617374786708617e-07
chr3,47510960,0.00011619345692592859
chr3,96415947,3.417058162967848e-07
chr3,33797855,8.613672229499517e-08
chr3,24448674,2.495383851105583e-08
chr3,13503247,6.654538168307502e-10
chr3,52910807,5.806774794588762e-06
chr3,55847136,7.307129947622232e-08
chr3,93942922,3.272804368881704e-10
chr3,18569187,6.479872964666305e-10
chr3,55456147,2.262075148306241e-07
chr3,34163773,3.0125374905184704e-10
chr3,22104792,0.00910976825941725
chr3,20576703,3.606526413654145e-05
chr3,73429249,2.9163417718649568e-08
chr3,24705256,0.00039137941393690875
chr3,78633091,0.00012647576065147114
chr3,56403796,0.0003710379452359766
chr3,98576439,6.352384942244048e-08
chr3,24508102,1.7079714465440915e-08
chr3,25947744,4.5674957883014826e-07
chr3,38856186,1.1435984959979991e-05
chr3,66293686,9.91529069150944e-05
chr3,19298917,1.4752211623578582e-10
chr3,78275698,7.305123434282443e-10
chr3,27365210,3.3484596962528725e-06
chr3,28180308,9.525839397114371e-07
chr3,62864219,4.4525368525158675e-08
chr3,88692768,0.000274192832265707
chr3,16900476,1.0149694277782733e-06
chr3,41820227,0.006389579360082437
chr3,88927856,0.004478884116548424
chr3,13707035,1.7395779257221283e-06
chr3,37998516,8.551608728204854e-10
chr3,67385640,2.373696687908313e-10
chr3,79384476,3.7542813279336123e-06
chr3,43058334,1.9545202902499878e-10
chr3,40769056,0.0024959159245193344
chr4,44369428,0.00029696943369570333
chr4,80348896,2.9149020036109255e-05
chr4,57877183,1.0435302987166958e-05
chr4,85574185,3.24161778715393e-10
chr4,37635193,3.6296547857168497e-10
chr4,34999533,0.0016695062523300612
chr4,92299103,4.274170725254149e-08
chr4,64981206,0.0007574044948078183
chr4,79725274,4.341854769332487e-05
chr4,44167705,1.1853621564762589e-08
chr4,41869792,0.0008072895828842848
chr4,92959541,1.3306713004632752e-05
chr4,54007836,4.245402299625032e-05
chr4,59114585,3.3044017429638652e-09
chr4,77294551,4.943967185414214e-10
chr4,49715257,0.009089104524070097
chr4,13431395,4.108076934147842e-09
chr4,37253447,2.4225066725144587e-08
chr4,63460303,0.0039251092721218055
chr4,50895282,1.977146021530269e-05
chr4,3503771,2.3392726107623518e-07
chr4,5183839,2.3646064616686573e-07
chr4,21153173,2.370165434159545e-05
chr4,49939582,1.3972460595618845e-10
chr4,72531065,0.005701616472234351
chr4,27191539,0.0048901493663858625
chr4,95555918,1.3136354767032357e-05
chr4,9849851,2.4366326855111553e-05
chr4,67009351,6.919131350924227e-09
chr4,85890726,0.0020759662086719476
chr4,88753580,0.00027858628246718933
chr4,22921117,4.7306304957656254e-07
chr4,54386038,0.0007819432961579948
chr4,34266319,1.5602111034819406e-10
chr4,71009467,1.9197256451414508e-08
chr4,43165906,4.3502121982847234e-09
chr4,90473854,3.4027817848569117e-06
chr4,69532150,9.842734742821936e-05
chr4,79911293,2.051913439034033e-09
chr4,37396424,3.104565263173795e-08
chr4,74204793,4.767494261697213e-10
chr4,21840174,9.955356454460334e-05
chr4,78209213,0.001774245364953908
chr4,17953831,3.3349399730776294e-10
chr4,57996736,2.296559780022208e-10
chr4,83235366,5.5348948153411356e-08
chr4,78183765,1.4443933075681815e-08
chr4,71721474,0.00010426824986259551
chr4,53496015,0.0005380571647996822
chr4,62819576,1.8406137679748075e-05
chr5,64362116,0.0017649974970580485
chr5,51296557,1.4585313588891437e-10
chr5,82949124,1.60919756709683e-06
chr5,18541337,7.817801082441795e-09
chr5,21279846,1.6965451863719508e-05
chr5,73193785,1.1835843541833911e-07
chr5,44351876,8.064118511688746e-10
chr5,47787763,1.0071614235109297e-05
chr5,4693305,3.4080780749011833e-10
chr5,5466271,1.4063106655542342e-09
chr5,11495300,3.375124867611347e-08
chr5,95923791,0.0027255240638398414
chr5,75815222,2.792461685435151e-10
chr5,49978079,3.0071706125406227e-10
chr5,56723671,3.825192194774155e-08
chr5,47673570,7.139934907346478e-08
chr5,90132960,3.2386691626169632e-09
chr5,35958762,2.939554589825174e-10
chr5,48685442,2.7326577982630192e-09
chr5,83396202,0.0002714381718714457
chr5,30469068,0.00019199372835996878
chr5,10702701,0.007148672392501058
chr5,3976242,1.1323193404556273e-07
chr5,38317456,5.6783076252354584e-08
chr5,45653148,1.7417968958817946e-09
chr5,9454561,8.211902306495212e-05
chr5,24151417,2.6674892450648416e-08
chr5,17934380,3.212290291581258e-10
chr5,35086263,1.3165326969669093e-08
chr5,96481108,1.8170027635255467e-10
chr5,72819939,0.0003806130280830645
chr5,3640328,2.830334270745321e-07
chr5,58658082,1.1911291799371863e-10
chr5,28348975,0.0009516607650014862
chr5,1070640,6.147468528292214e-09
chr5,63976036,0.0001233744193387938
chr5,4741196,1.20428677303542e-08
chr5,84692386,0.0014962668332005528
chr5,14217648,9.077808573773546e-07
chr5,60946863,7.6393306926178e-06
chr5,71373772,6.851949792623155e-10
chr5,61995760,0.0037335126402396035
chr5,91372540,5.714052004470135e-10
chr5,48911176,2.789272205998947e-05
chr5,54953229,3.8533704675958594e-08
chr5,60145779,2.585216356504335e-07
chr5,30365614,0.002156377096614985
chr5,52371106,1.5152091797230262e-07
chr5,97435123,4.167276830143459e-08
chr5,11198499,2.694285767386867e-10
chr6,1197775,4.820086784132925e-09
chr6,24614649,0.003463617456997258
chr6,79507230,0.0035729814591984586
chr6,79535842,7.913462304127616e-10
chr6,31773482,2.256046927022625e-08
chr6,78273675,3.1315540980324374e-08
chr6,32665404,1.9595389024553906e-09
chr6,86218477,2.467441974125048e-08
chr6,45079273,6.710999158598594e-06
chr6,73571674,2.239041704002286e-08
chr6,81954884,7.823311997384699e-07
chr6,63182821,1.2790377776618253e-10
chr6,84273068,1.0835845982320132e-05
chr6,2286643,0.00012779635013455515
chr6,7200646,1.294170480194839e-10
chr6,15509187,1.5785343119006693e-05
chr6,89825083,0.0021478021184936206
chr6,13831595,3.4100912638194946e-07
chr6,78189210,0.00010237802908898881
chr6,77246546,0.0012894964223670038
chr6,16814828,0.008112801347840619
chr6,39538877,0.0035446535528639096
chr6,74851335,0.0011475986423360239
chr6,90630668,0.00012587753497635457
chr6,39503931,5.179684530119094e-05
chr6,21812709,3.2308243481076095e-06
chr6,90589817,0.007994001077857934
chr6,5848287,3.564180508688893e-07
chr6,44750190,7.427712585474606e-10
chr6,79998740,1.1383652529894006e-10
chr6,49518372,9.464085521040328e-05
chr6,34978002,1.7602717332233e-10
chr6,43801198,9.221697988241983e-08
chr6,36427853,4.406039895833724e-05
chr6,11986868,2.6582728341644327e-08
chr6,40521538,6.176407136080844e-10
chr6,61972984,4.763928850460024e-10
chr6,92063625,2.4929187690391955e-10
chr6,66557447,6.979520884895716e-06
chr6,56860631,1.0938032704885121e-07
chr6,58681017,0.0003126300515371409
chr6,57987271,1.4899859588911223e-05
chr6,91864817,7.455840354757537e-05
chr6,72275364,1.6026605201380565e-10
chr6,75993343,2.3663186432633126e-06
chr6,5578238,5.143148561606641e-07
chr6,22288948,3.087733732485808e-09
chr6,91012399,0.0005001087869944349
chr6,21088365,0.002456953647389829
chr6,14021573,2.521161657658524e-10
chr7,30933823,2.2423274348929884e-07
chr7,56519128,4.5087453733476484e-06
chr7,8136029,1.1789323474435182e-09
chr7,60994988,0.00048009359376565135
chr7,22496823,9.73403861982827e-06
chr7,50907857,1.264127751341404e-10
chr7,8468810,1.7658519008158155e-07
chr7,26301054,7.1793381316874735e-06
chr7,72572282,1.832519543085962e-09
chr7,5345760,1.7801423063905384e-06
chr7,37805730,0.0008495384692349625
chr7,59720660,0.003539941025011225
chr7,91075653,2.926070748967302e-08
chr7,14298372,1.005214197117221e-10
chr7,30702914,3.602021951524864e-07
chr7,82550308,1.552505857534629e-08
chr7,31413513,1.5952210601801758e-09
chr7,96927380,2.4868346934789578e-06
chr7,18864557,9.737791779385005e-05
chr7,54363404,0.00021987649630311046
chr7,14832640,4.2305275222302817e-08
chr7,68201057,1.363635364649155e-05
chr7,86072967,0.006645414332000627
chr7,88220897,1.5499383556170666e-06
chr7,82052418,6.897504477999044e-07
chr7,37213003,2.943839432186371e-09
chr7,8102173,4.628681353722928e-09
chr7,39720111,1.4442163716480082e-06
chr7,62356950,9.097078757530409e-09
chr7,62681549,2.330031837232312e-08
chr7,49840101,1.153161948276338e-07
chr7,51305761,1.5678320189289394e-05
chr7,51011985,7.278596414961163e-06
chr7,33843745,1.6366516920069766e-05
chr7,61084389,2.4701107211491855e-06
chr7,19130254,6.72446506117575e-06
chr7,80945266,2.6234031039322044e-08
chr7,66377052,0.0006659048109877477
chr7,88349431,1.8334483494673257e-09
chr7,82251088,8.591023234853442e-05
chr7,93924887,0.0042964510557100336
chr7,16734209,2.344159280448094e-05
chr7,37081386,2.305687920084283e-07
chr7,58395058,5.033761865024708e-07
chr7,98148566,0.0009454385103150014
chr7,60387253,2.6221613422446685e-08
chr7,39660995,1.7165708505632306e-05
chr7,94580482,1.0126495199474583e-09
chr7,66438362,4.5660229688915524e-08
chr7,70019569,1.5293850327492917e-07
chr8,22900338,0.004710327131569546
chr8,55481924,1.735157802273301e-05
chr8,17618153,0.00038363314822089333
chr8,76012933,0.001083709876057203
chr8,53576779,0.00022352713554326894
chr8,89132129,0.0009332818363215703
chr8,76589337,2.998067254368573e-08
chr8,35626632,0.001826733991735464
chr8,54237806,9.47974999561784e-08
chr8,83716910,8.067591349368582e-07
chr8,4125354,4.295569951682398e-10
chr8,12145552,6.0950716434457154e-05
chr8,95562311,1.0325770707260483e-08
chr8,76191987,0.0002114488917743577
chr8,77415031,1.329891219003356e-06
chr8,43758171,1.1186413878162832e-05
chr8,8585153,1.047689267251678e-08
chr8,24335437,0.0006577899967898907
chr8,35861938,1.964279629914319e-08
chr8,87787694,1.755798278712634e-09
chr8,4708654,0.005704568219686366
chr8,43573305,1.4683400128678392e-05
chr8,96192946,0.00011487776323873892
chr8,83649048,1.2611256278326091e-08
chr8,87205129,3.078075469609505e-07
chr8,65413145,5.215734641353536e-07
chr8,63132760,7.512452760056502e-10
chr8,23419480,3.691317884372719e-08
chr8,35021442,6.447884919472818e-08
chr8,47523537,0.0020166832691220324
chr8,26153646,1.2747358411662024e-08
chr8,9411883,0.0009535809745836182
chr8,11848680,1.9972173448100146e-05
chr8,90838873,1.378980807167639e-07
chr8,54028791,1.0328052031989e-06
chr8,77658629,1.424955969820392e-07
chr8,80357216,0.008704124511424853
chr8,29272916,0.000598586456736998
chr8,82861231,0.0005182615790502558
chr8,17514877,3.5733940182100824e-09
chr8,94481782,1.8259451083571898e-09
chr8,88554946,6.366619329054178e-07
chr8,18810471,2.6564907074873133e-08
chr8,79550238,6.716111478072852e-10
chr8,58975251,1.7548359940821882e-10
chr8,94446147,0.009069846746192323
chr8,28132021,8.645246557958735e-05
chr8,63867959,1.6475220167616022e-08
chr8,36912253,3.672756085273458e-10
chr8,17263882,2.673612630635525e-07
chr9,84721515,0.00022875970024846345
chr9,49014453,2.0529584952350948e-08
chr9,52569363,8.691945019040333e-07
chr9,91567214,2.198665869768483e-08
chr9,77362381,4.9085766156201357e-05
chr9,81480036,8.936518301749119e-07
chr9,54215075,2.7218391888309692e-05
chr9,1571650,0.0038495654283121246
chr9,73017911,0.000840780410613225
chr9,4757974,4.060917446365979e-07
chr9,62119361,2.6373589379158528e-05
chr9,20931456,0.0007751786671559359
chr9,12643208,8.282798971181227e-09
chr9,9112074,1.6393451176325479e-06
chr9,54050917,5.0730913989707244e-06
chr9,22982813,0.0014008963349917678
chr9,30967940,2.2648776059568123e-09
chr9,10742257,0.001013029779133309
chr9,53044151,1.1818549767586592e-10
chr9,76169697,0.0003549240844158254
chr9,18163810,3.876186023622852e-10
chr9,13225855,2.5363845235809904e-07
chr9,2135964,0.0007617649513598245
chr9,61203880,9.90796815086058e-09
chr9,79542651,0.0004906281439644414
chr9,35427604,0.00032267112680997524
chr9,73764242,4.768944128817164e-08
chr9,7941245,1.3469644293206744e-05
chr9,10451244,1.9658328752588688e-07
chr9,18606951,2.423322360246631e-06
chr9,9351245,6.348343790542335e-10
chr9,87448549,4.805642997122775e-07
chr9,6345854,9.511234278800154e-07
chr9,58821848,1.4358212794130151e-05
chr9,71790126,8.489267703974198e-06
chr9,53840397,0.0029312111289071436
chr9,45132455,1.014135610095784e-07
chr9,11016389,2.1750723756342025e-05
chr9,51676914,2.092931829092487e-05
chr9,62298111,0.0004636112009319503
chr9,16586926,1.0950096653009691e-07
chr9,10496563,1.1703417846143526e-08
chr9,46745050,4.911592304097836e-09
chr9,11321336,3.207919471457398e-05
chr9,78859104,0.00539188377425994
chr9,32738453,1.9385961335114325e-08
chr9,8583354,9.181585126733411e-09
chr9,40367797,2.6911726633594553e-09
chr9,73506526,9.320248150451936e-06
chr9,84752812,0.0009551920547241966
chr10,96723191,9.587231632969599e-07
chr10,37982407,0.0006319177888990956
chr10,46103150,5.350059146662871e-06
chr10,94982380,1.7366316335397786e-08
chr10,70353566,1.6310166344603688e-07
chr10,13920739,4.552023057307944e-07
chr10,8726890,1.6134855554392726e-07
chr10,62413011,0.0003525480083736069
chr10,10451337,1.818887936500601e-05
chr10,37940933,6.211388102950924e-06
chr10,29688729,2.640786450991172e-10
chr10,25062169,2.0424966075246172e-07
chr10,26291709,0.001561863859994252
chr10,26836512,0.00716338889687321
chr10,37346859,3.012551855943999e-07
chr10,40302467,4.778844542604966e-09
chr10,99881316,2.198320072998335e-08
chr10,92253744,2.4529749810120846e-07
chr10,56684473,0.0028094912578572225
chr10,64655986,1.2836484921709923e-08
chr10,83972373,5.18215518156403e-10
chr10,84700525,0.00012964379135844902
chr10,40816537,1.9445329580211636e-09
chr10,63671672,2.202057721597464e-05
chr10,81908854,0.000151647422440727
chr10,61749710,6.426557076844953e-06
chr10,98483912,0.00022665303193972262
chr10,29088632,0.009182138008338898
chr10,91190760,0.0012186011946703943
chr10,36453171,5.021519765645631e-07
chr10,59435658,4.133501938271398e-10
chr10,14757649,1.4233253201858091e-06
chr10,53418906,2.4113290201749525e-06
chr10,26146282,0.00546042741013613
chr10,28915002,0.00074669602082677
chr10,87487703,2.3930091944459397e-07
chr10,40785651,4.4524228609030805e-06
chr10,37919127,3.222661056221728e-05
chr10,78688894,6.015927848810222e-05
chr10,6786265,0.007856775563845201
chr10,32299028,7.561544994532363e-07
chr10,30168464,2.0485070373343465e-10
chr10,36966581,1.3029983233357282e-09
chr10,17405566,1.05926832339046e-10
chr10,10427504,4.0108156961798325e-05
chr10,20655820,6.629107722680178e-06
chr10,89213938,0.0002092932660358114
chr10,25210749,0.00022849824887267105
chr10,14691164,1.0004424327107798e-07
chr10,12707868,1.6728786522206715e-06
chr11,11055079,1.996968278019829e-07
chr11,55952704,6.248547368543209e-09
chr11,68812526,6.009220758792416e-07
chr11,14769205,2.9778171341922792e-06
chr11,66954738,0.000572898958273586
chr11,94900039,1.2756015312130775e-09
chr11,38003110,9.419551697725972e-09
chr11,96785737,6.824056514483991e-05
chr11,82602413,6.128755086963328e-07
chr11,84750880,0.0062648280392264685
chr11,12484508,5.446581882411454e-06
chr11,88929144,0.00016758020005365186
chr11,53934615,0.00026983308734436793
chr11,24656190,0.006955297293334979
chr11,45489781,1.9312123623543318e-05
chr11,30822180,0.0003729432091403134
chr11,84463150,1.7119663715983284e-08
chr11,86808215,1.6667272853876745e-08
chr11,52309687,3.509124754561213e-09
chr11,96277507,2.7843395438071405e-10
chr11,70071029,0.00022915304717496864
chr11,52100382,2.5590543587082265e-05
chr11,56842822,8.591595081555251e-08
chr11,74678496,0.0002172250764958231
chr11,7202258,2.166045186075476e-07
chr11,66174203,2.335774532388957e-08
chr11,19786176,2.887031391371552e-09
chr11,41473321,2.506925042198804e-09
chr11,83932418,1.8951363418181513e-07
chr11,78582731,2.263413737623199e-09
chr11,7193956,5.3052613415663145e-06
chr11,90323229,1.2529589499848333e-05
chr11,75380340,4.408328234476208e-05
chr11,48044083,1.598165968089976e-10
chr11,65910615,0.0012192607479252402
chr11,15072989,1.2605219539842656e-06
chr11,84976173,1.7040266337126491e-06
chr11,82447632,1.3236496916031227e-06
chr11,54505232,7.088937133261676e-05
chr11,45599847,2.5658612895325446e-08
chr11,34877350,0.00018022504392670684
chr11,87131989,2.0919827812439634e-09
chr11,68225603,0.0008745614116084326
chr11,67268268,2.952739536019716e-08
chr11,79987338,2.6262072305259777e-09
chr11,11971177,2.4426891080120695e-07
chr11,21080673,3.6861752589359535e-07
chr11,75052985,1.731327976895832e-08
chr11,56098996,0.008166451191016314
chr11,52048404,7.771942501272722e-05
chr12,71860062,1.0206559684050906e-09
chr12,16732903,9.866309059708914e-05
chr12,35780908,4.783068533370671e-08
chr12,83125254,2.5920595486045465e-07
chr12,54775257,5.8203350754155055e-06
chr12,90813693,7.057621407160144e-07
chr12,68499583,1.4758050343789811e-05
chr12,91740533,1.2466113267549123e-08
chr12,88182130,0.0018936700713082528
chr12,91133874,0.00010894495467860352
chr12,62399188,2.0107962858782007e-09
chr12,52207679,4.741225174003886e-10
chr12,12952314,4.197843803695804e-05
chr12,17770274,2.5441670491274577e-10
chr12,93983350,4.904905868237892e-08
chr12,43955157,1.3785522211123068e-08
chr12,86518073,0.005630343864343844
chr12,53673683,0.0005056953694070525
chr12,87654442,1.6933128553628815e-09
chr12,77176890,1.6797985756172624e-07
chr12,94389281,1.0311921369166415e-07
chr12,24567809,0.0014035050348323215
chr12,55278856,1.5405603317775413e-05
chr12,29104320,1.0865994236737764e-06
chr12,4875754,1.6357296796736869e-07
chr12,96268888,0.0001068522653778654
chr12,29356738,0.002387136467295109
chr12,11047595,2.7696713152506698e-08
chr12,96112669,0.009077566759239887
chr12,41131083,1.2948182872105092e-05
chr12,48517690,2.01006320579821e-10
chr12,38639184,2.5009278880704196e-10
chr12,37532022,6.754522624289509e-07
chr12,46745469,2.1608949570400954e-10
chr12,37045138,1.3873975036088882e-08
chr12,39808656,5.3670181789472815e-08
chr12,21515189,7.982655030363758e-08
chr12,51795719,0.00010061342406797763
chr12,89798296,6.709353077208152e-08
chr12,25374842,1.255035284879988e-10
chr12,29172140,4.371799978474178e-08
chr12,56471391,2.2667238795960573e-08
chr12,82597126,1.0119801723143488e-10
chr12,24387092,1.6380194539225419e-06
chr12,2524102,0.005350965751541559
chr12,43607220,1.4184388845243247e-08
chr12,22900146,4.025598308898755e-10
chr12,10913841,4.225700590757891e-06
chr12,61523996,1.6080008231817375e-06
chr12,79566365,0.0036386399444695077
chr13,76779042,2.8002461838619415e-05
chr13,71503913,6.976326453712587e-08
chr13,11822814,1.2089880392999286e-05
chr13,53879148,0.0024231170136702024
chr13,38747492,5.726363843759412e-07
chr13,16170521,1.5917169013241485e-08
chr13,13267883,2.633770473098332e-07
chr13,98611639,4.831362910667286e-07
chr13,41686940,5.0904784043967246e-08
chr13,83058636,9.837143087038414e-08
chr13,48149071,3.850024974891652e-06
chr13,8152747,0.00013687502199443165
chr13,93733985,0.006758412776479449
chr13,39499601,3.072263150811555e-10
chr13,76304674,0.002752722001413961
chr13,41739629,1.5642475246043467e-05
chr13,74823165,0.001957278903499625
chr13,28259197,1.4487552993632668e-06
chr13,11760888,2.2591358228444675e-07
chr13,94144811,1.3407019665478345e-10
chr13,79483721,0.0018467381421430787
chr13,65884070,6.604599189773127e-07
chr13,59075712,0.00012296537366563373
chr13,72829506,1.8260550569242245e-06
chr13,68658103,5.036027196112142e-05
chr13,65674115,1.886138057511124e-08
chr13,47571160,6.05166437997145e-05
chr13,18562548,1.2537786844697014e-10
chr13,93441160,0.0013312487425595743
chr13,72425912,3.654447594999903e-08
chr13,82242298,2.513683117929461e-10
chr13,22882940,8.474982052819739e-05
chr13,49665285,1.384700596724638e-10
chr13,40509310,2.767858102057404e-10
chr13,85445004,1.2204520507852842e-10
chr13,97287283,0.003020707849620414
chr13,23470291,1.9833260571890217e-09
chr13,51763061,1.3743762476953147e-07
chr13,55496748,0.0010896572273076544
chr13,68411050,0.0003870577288439815
chr13,8456985,0.005083285479903679
chr13,85912633,5.7986141563576785e-09
chr13,28381509,3.9250256839883835e-09
chr13,21521013,1.7667656983768752e-10
chr13,38735088,7.143598980004796e-07
chr13,16135763,1.0983415643128767e-10
chr13,76785788,8.281958622404754e-05
chr13,66489314,8.591958968706964e-09
chr13,37595773,1.0698275893461981e-10
chr13,97362498,2.9739591587167223e-09
chr14,25440805,1.0387258423439914e-07
chr14,25586222,0.005261126183922179
chr14,86561923,2.2872326257545245e-07
chr14,86607690,9.556813237411731e-10
chr14,68001666,6.551262496854766e-05
chr14,35045468,7.762745730683538e-10
chr14,78960088,1.5221299564539849e-09
chr14,18920169,3.3409609705965875e-09
chr14,85212996,1.3131029100838668e-08
chr14,1605409,5.399757986004315e-06
chr14,22827621,8.355447791976331e-05
chr14,21057988,0.004071283514007146
chr14,6809041,0.00224714073637797
chr14,7155579,0.0013312178108319983
chr14,84665691,0.0024601020567329244
chr14,33027216,0.003220058710046376
chr14,34957164,1.4299056473390856e-06
chr14,2132658,2.526691809779917e-09
chr14,18434167,5.0478206871988334e-08
chr14,54811239,2.9795061626543355e-07
chr14,74135852,1.34499493345423e-08
chr14,92312343,4.174378521167259e-09
chr14,10456807,0.00010907261915657913
chr14,5684346,1.152514484835342e-09
chr14,90605800,2.1277910119162004e-05
chr14,86641772,2.6316510753960397e-08
chr14,52900771,1.1248871981206178e-07
chr14,12667877,0.00030635691088846907
chr14,29506244,8.974989029789002e-10
chr14,18486878,2.474377714189015e-09
chr14,17620937,2.756923153429454e-09
chr14,43413492,1.1270260376818013e-08
chr14,20369886,0.009795781923203342
chr14,85328141,8.849394777801371e-09
chr14,38316107,0.00889023060337322
chr14,25859871,0.002124291954425178
chr14,60844250,1.4141991627123657e-10
chr14,30263888,0.0011837204368978617
chr14,8281505,8.471384133589972e-08
chr14,38518167,2.8220495571712742e-09
chr14,15812143,0.0013936537553417025
chr14,48364509,0.007121611038478158
chr14,74663899,8.690101618254172e-08
chr14,16886372,0.001513290048295748
chr14,76176851,3.1398884667246384e-08
chr14,23922481,2.6400788257790033e-10
chr14,44497663,2.160843384449267e-08
chr14,21833173,2.1449835365380576e-08
chr14,21718453,1.709761542755029e-05
chr14,53374647,0.004305897917199492
chr15,92905293,1.6296271315108811e-10
chr15,1549148,2.706035837627166e-06
chr15,97953082,0.0009105631673828901
chr15,36490172,8.533003362206234e-06
chr15,14426716,0.006652909071384282
chr15,48718021,1.0600632190709484e-05
chr15,27996639,6.866582740175794e-09
chr15,5421590,2.708808783431067e-06
chr15,30221379,3.895377775372076e-06
chr15,60644300,1.4666341876667822e-09
chr15,59237814,2.4696412677360764e-09
chr15,74548874,0.00017133381992778227
chr15,86388417,6.5677673423423e-09
chr15,49548947,5.8064445868096674e-08
chr15,58396048,1.96837015937849e-10
chr15,1224695,3.477936045517725e-06
chr15,27267668,5.294243504073796e-10
chr15,59454884,7.794574613550697e-08
chr15,98042181,8.303235820185871e-09
chr15,21610500,1.3433179447438757e-10
chr15,14245696,2.716802551880897e-05
chr15,25363941,0.00014466489390656045
chr15,56229602,0.005635433598549803
chr15,2074961,1.216561311952249e-09
chr15,20155151,4.509595139044817e-07
chr15,13866619,0.0003279411191070451
chr15,90858638,2.346664066202519e-06
chr15,48347699,0.007196227095525814
chr15,67777436,0.0008913350374894804
chr15,6481140,5.073547378529974e-10
chr15,99356098,0.0003283439379886095
chr15,55856856,0.009775642676474839
chr15,20659206,0.0009965834309520964
chr15,56940773,0.00015692020269891094
chr15,20651515,0.003064280400530119
chr15,84629045,2.4694275464215265e-05
chr15,71047063,3.4199992296092733e-06
chr15,68007551,2.28159631815786e-06
chr15,50909831,1.9196021466086213e-06
chr15,76134271,6.849191814188591e-06
chr15,26554414,1.5842934075106892e-07
chr15,45721695,5.5479065801554386e-08
chr15,31319320,1.315287892877575e-09
chr15,7737320,0.0048200261810532885
chr15,51495701,1.0155630405664114e-08
chr15,90859624,0.00011578168697978058
chr15,77934008,2.708719194496702e-07
chr15,79888398,1.020692144602095e-06
chr15,99138203,2.4003813048651628e-08
chr15,42965471,2.9518886158051993e-10
chr16,43590048,7.216171612903702e-07
chr16,33356072,1.5666953352027624e-05
chr16,9388512,2.5344727422005387e-09
chr16,61350105,6.677498365488274e-06
chr16,34138881,1.5144987160343029e-10
chr16,58376857,3.0498624076252976e-08
chr16,84050481,2.682095119753464e-09
chr16,43664041,0.00045723486835639514
chr16,47462256,2.4411822592504e-10
chr16,82500098,6.764404636110188e-10
chr16,5409352,3.23818778374621e-10
chr16,89997222,1.2486669046023738e-07
chr16,76530792,2.125767898325222e-08
chr16,43307399,1.9377803290185897e-08
chr16,88952701,5.402791307585113e-09
chr16,80491182,3.0296962545679995e-09
chr16,76655174,5.169387086679258e-08
chr16,94421775,4.1616062853013907e-07
chr16,21606265,5.362157580228339e-09
chr16,53200318,7.101963540552676e-08
chr16,34283771,1.4037307898379579e-08
chr16,83162634,1.589964841600903e-08
chr16,15150540,1.4647670819058374e-06
chr16,95455026,0.00017631452892470393
chr16,31559798,1.7319655862066165e-06
chr16,37286070,3.3943555246477935e-06
chr16,54307679,1.033794621574889e-06
chr16,90597893,1.7635418646362775e-08
chr16,42681557,2.195245002544462e-05
chr16,49226615,1.5909433030253758e-10
chr16,82718171,0.0002533146998148418
chr16,8778748,0.002644921142238531
chr16,70055694,8.680343108652284e-05
chr16,78066032,1.131931007039789e-09
chr16,37159646,4.706966103632505e-06
chr16,11717207,3.945057380957522e-06
chr16,10384451,1.3097777564718781e-08
chr16,77123517,1.2554617628873464e-10
chr16,39049943,4.503973359979345e-07
chr16,61111794,2.347452057923581e-07
chr16,5790691,0.005818947433681014
chr16,89111969,1.2783461523240448e-06
chr16,18066318,6.228523220976062e-10
chr16,67447109,5.753409542741728e-08
chr16,12186361,5.02450444847397e-10
chr16,38998210,1.0381672666780012e-07
chr16,29175911,2.0512353378408257e-09
chr16,74195232,0.0008860505897592639
chr16,12950831,1.5316408144404944e-07
chr16,33386345,0.00012579210962237176
chr17,12360589,7.926443318414019e-07
chr17,30124900,1.4619053418946e-09
chr17,16648245,1.081435918025304e-09
chr17,34523310,1.8057299499753177e-07
chr17,73648934,1.3370050412681993e-05
chr17,7491878,0.0004918232092243699
chr17,70069690,3.182845416367208e-05
chr17,35932801,1.368075194936413e-09
chr17,39785284,2.503107411901739e-05
chr17,22320139,0.0008974509347727135
chr17,5600108,0.00012699222813013754
chr17,69393246,0.000129299335584752
chr17,48230658,2.909410552760529e-06
chr17,79981711,6.947177761315262e-07
chr17,57437579,2.338476839326123e-09
chr17,52255428,0.00010239666668539148
chr17,48602635,2.2170845978648332e-08
chr17,47350911,1.3365771022279368e-05
chr17,19720027,0.005088954694968885
chr17,76814820,1.4000500959431859e-05
chr17,10714891,1.5957064261076215e-06
chr17,2805808,2.274653487101793e-08
chr17,39090551,2.0757023873630826e-07
chr17,79774891,4.794609968357987e-07
chr17,13617619,6.950292912850611e-05
chr17,54175588,3.2148037158672014e-10
chr17,35761500,7.585361190209107e-08
chr17,26560098,2.4121692327649984e-06
chr17,16702852,0.001491174069558825
chr17,96222450,0.004649616433666486
chr17,97117011,1.2792605767009595e-10
chr17,22217066,0.007260418897776795
chr17,46658328,7.70975358304748e-08
chr17,76643942,2.301871919118889e-06
chr17,67984430,6.701308738037553e-07
chr17,46587883,5.521284034767693e-07
chr17,4184790,0.005757199526717318
chr17,80638835,2.3043789432069862e-08
chr17,62647593,1.3702778994870411e-08
chr17,27336263,1.7406186445775827e-10
chr17,1647296,1.4235220578180597e-08
chr17,27844511,0.00013289530962280795
chr17,90763925,9.06875777610598e-05
chr17,24116992,1.972775577473835e-09
chr17,31555353,1.013038294899431e-05
chr17,76230621,1.053420796596557e-06
chr17,79929433,1.1188197500165326e-09
chr17,35831079,7.109598635513498e-09
chr17,84149786,3.567881616800239e-10
chr17,9704813,4.472780893345076e-10
chr18,30461504,0.00018819097002367727
chr18,12319247,2.42822502342958e-09
chr18,47048559,6.167883806387636e-08
chr18,56160409,1.627086576164678e-05
chr18,14045697,1.0108580962623992e-10
chr18,73851397,2.8517245279810522e-05
chr18,98447072,5.55566837467634e-06
chr18,11427148,5.50701332771546e-09
chr18,20397196,4.903602251222625e-05
chr18,66969098,9.372932935129353e-10
chr18,66244261,2.4195505920055806e-05
chr18,49719461,3.1233541357715765e-06
chr18,53764241,9.481361985592357e-10
chr18,21167958,3.2759214635058505e-06
chr18,23910282,9.876930207144737e-06
chr18,68084285,4.40643345932618e-07
chr18,25733272,2.360207450206049e-05
chr18,23371392,1.1703283379624363e-05
chr18,91936006,3.108054182434872e-07
chr18,24277458,7.789959321631212e-06
chr18,49076248,1.690893287642091e-07
chr18,63005983,1.0327273220660226e-05
chr18,37591531,0.007632442543249227
chr18,42655138,0.00044920534878494184
chr18,76488205,1.10682059578712e-07
chr18,2912584,9.15616812503552e-06
chr18,85111129,2.4443957653028326e-10
chr18,15677441,1.4673880533193883e-06
chr18,6438684,1.862161652559274e-05
chr18,23315019,0.0006427841396436533
chr18,76902244,0.00010750848196820905
chr18,35125539,1.3701220562151978e-07
chr18,64923119,4.02426056188705e-07
chr18,78411194,6.762806168530147e-07
chr18,43491924,0.00027150392636134655
chr18,33482294,6.70325408130438e-10
chr18,38710964,6.542678926777235e-10
chr18,90268938,9.10759958221237e-06
chr18,42464131,3.345890975565147e-10
chr18,34812949,0.0002776728478737758
chr18,44300173,1.2972567122958743e-06
chr18,30105135,6.53615290401314e-07
chr18,60468269,3.48080970041263e-05
chr18,94526766,5.519735830463792e-07
chr18,80165063,3.2324990562108274e-05
chr18,72226787,1.8151549850912885e-08
chr18,98169328,1.535317113018367e-10
chr18,46844569,0.0010590372921632327
chr18,68284075,0.00035358449978916773
chr18,93540486,4.34283856970205e-05
chr19,53215024,2.8940247635833064e-07
chr19,29186921,4.5496719841057707e-10
chr19,79500947,1.3540503888701295e-06
chr19,14952821,3.9644930674060914e-07
chr19,53237687,6.137711160604251e-07
chr19,80690286,2.447784961908992e-10
chr19,34766262,7.872603041371768e-08
chr19,66176852,8.440113622275152e-10
chr19,41071048,4.467341954135561e-09
chr19,93796686,1.2946491460104977e-07
chr19,21523385,1.2996303569851388e-05
chr19,86661847,1.4880892028403413e-05
chr19,78827225,9.012390840702863e-05
chr19,90380419,6.332157603034738e-05
chr19,44440658,1.550978984286868e-09
chr19,66174694,4.566682368229747e-08
chr19,8667857,7.357849805303372e-09
chr19,62279200,4.05920978423746e-06
chr19,51526894,0.0001312548383907616
chr19,82806561,1.6476473907444347e-06
chr19,18644180,0.0017150767352584009
chr19,73892046,0.0001438900132483529
chr19,81256454,4.230782490226586e-07
chr19,57681097,8.809052916655853e-05
chr19,31131276,1.7546452235708543e-07
chr19,73045464,1.252321504664173e-10
chr19,50133346,1.6734959467952523e-07
chr19,85143761,5.827064900193651e-06
chr19,95272885,2.714392729507317e-06
chr19,25768424,2.887425512120572e-08
chr19,97662502,1.867582536305283e-05
chr19,27659117,0.0014693417028870085
chr19,25003801,2.0053165493985963e-05
chr19,98163884,0.0023155014009314185
chr19,88144164,7.022196898677624e-10
chr19,19757506,6.173005837933053e-06
chr19,34957754,1.784498559820065e-05
chr19,30737667,2.888820172943352e-06
chr19,84163963,0.0028780576650965883
chr19,83061828,0.0027577008585496954
chr19,66147039,4.785250564496782e-07
chr19,22814501,1.8092728523683355e-07
chr19,8334901,0.0001423529549975494
chr19,84144761,2.167627716632172e-05
chr19,57852293,0.003813194814036698
chr19,15931115,5.073252536817659e-08
chr19,52112289,2.6864650221727926e-06
chr19,91493043,0.003302640172095874
chr19,87437411,2.0261617495412946e-10
chr19,43778076,3.0196796584240555e-08
chr20,58697272,0.0004326896377190562
chr20,14863529,0.00168495537300996
chr20,56280248,2.6640872790126416e-09
chr20,6311499,1.657401799695632e-05
chr20,38201803,1.4128921273614793e-10
chr20,27356226,3.824524471782858e-10
chr20,69255980,0.0010999374372510596
chr20,24255666,0.0006034925224477639
chr20,80157203,3.8370040412044937e-10
chr20,38396843,0.00011239481362220926
chr20,66749277,6.797295990389075e-07
chr20,31267797,0.0019364422205939453
chr20,23636262,1.2092343174395753e-09
chr20,64292404,2.462969069901304e-09
chr20,4341861,0.0005315790235240379
chr20,3615804,0.005137087413386614
chr20,94966816,0.00015175450736962321
chr20,71379073,8.968582261261714e-06
chr20,12045633,3.194018415238045e-10
chr20,97861128,8.359995159636542e-07
chr20,55915906,6.6703383428196914e-06
chr20,42672086,2.890039956551662e-10
chr20,68342646,0.000508026432579548
chr20,22586325,1.0575286375162596e-06
chr20,18503547,1.5438330644885846e-09
chr20,91239465,9.789849299987191e-07
chr20,96257136,0.001172381122597868
chr20,22258833,9.471081587784119e-08
chr20,78540509,9.46684870433383e-10
chr20,12476429,3.5694129837510035e-09
chr20,38711695,0.00020143738400881656
chr20,27779149,0.0022524011250269773
chr20,99328226,0.0004090758864033117
chr20,33002177,0.00016258651569668153
chr20,86138637,1.567178240708123e-10
chr20,69599551,3.452662089246449e-10
chr20,55388673,0.000870567836785237
chr20,79445365,3.091565629970606e-05
chr20,55206558,1.269125731316321e-06
chr20,54699693,6.514888415120386e-10
chr20,73294637,0.00039929234286984074
chr20,12021186,2.385721691017239e-10
chr20,55549381,0.000674540550465751
chr20,25362375,1.4932338130806463e-06
chr20,27231747,0.0008292198442777304
chr20,76013292,4.015722674601118e-07
chr20,3322523,3.202365772638953e-05
chr20,27379085,9.798474330393192e-10
chr20,52173179,1.5431597942129764e-09
chr20,2428127,0.00018693668627647395
chr21,38809281,6.286244386537029e-08
chr21,50223966,0.003230003427010298
chr21,19392993,2.09699120911709e-06
chr21,69082045,1.0991816324890144e-10
chr21,33363575,4.1798395799957854e-05
chr21,88746642,0.00043120315677852973
chr21,53097172,0.0010688591628909307
chr21,95597309,7.531833771097836e-05
chr21,93412166,2.9020792397534594e-08
chr21,41467715,8.599693875790978e-08
chr21,44570727,3.07778191881364e-09
chr21,93210534,0.00017122964714138368
chr21,76173084,1.02054770325774e-07
chr21,19321829,3.902410296688117e-06
chr21,25525886,4.605225809090718e-09
chr21,53762173,5.8532036806914267e-08
chr21,46038050,1.1426814914927799e-05
chr21,34843291,1.4025592854613396e-06
chr21,89635846,1.3523370778333688e-08
chr21,83913877,1.9472503749709616e-10
chr21,43537345,0.0008502959485274027
chr21,53959636,0.007022015526647313
chr21,43147406,2.2019840140573645e-07
chr21,53010809,0.0003036974984110008
chr21,48246348,0.0079989651167795
chr21,97428273,9.238672069376451e-08
chr21,49774836,3.8699299594018516e-09
chr21,95818476,0.004559679589638958
chr21,69660194,7.46776953791489e-05
chr21,91581386,2.3172949944460243e-06
chr21,3607411,7.444675561208465e-05
chr21,84713817,0.0009602888770633985
chr21,90809441,2.5269263544061924e-05
chr21,80916795,6.113850526103047e-08
chr21,4815144,1.222783333073232e-07
chr21,68925916,2.1106968050452156e-06
chr21,17177172,2.2398682557171704e-10
chr21,35982512,2.2767875502326142e-10
chr21,25281104,5.3760441957793865e-08
chr21,23897064,3.1255204968488455e-08
chr21,1442939,0.0024471755476402008
chr21,31822201,9.452192061575112e-05
chr21,55254875,7.987082779044542e-08
chr21,14331233,8.113508980747857e-06
chr21,55221525,8.065708878771735e-08
chr21,87687822,7.671365427485595e-10
chr21,57348502,7.124195429576127e-07
chr21,52296836,1.2604622698799726e-08
chr21,53492736,2.843251653944009e-06
chr21,72214087,0.004641055855068254
chr22,96743480,1.072363294190048e-08
chr22,12963776,0.002650484763583495
chr22,38609879,0.0014356868693206105
chr22,19557968,2.2283777508052486e-10
chr22,81566548,7.929360227913594e-06
chr22,66651053,1.1675963509655787e-10
chr22,9589747,6.349971126550985e-09
chr22,22992838,5.361157743797954e-09
chr22,48637042,0.00040469265045712464
chr22,20952900,4.0093285839263156e-07
chr22,78457397,7.67394535319565e-09
chr22,65623935,4.032969270860051e-06
chr22,87404718,0.0022010335383633164
chr22,61966110,5.496935024369961e-09
chr22,40051623,1.006216533664933e-07
chr22,30805505,4.583495566757485e-08
chr22,45786626,0.0010688300482674248
chr22,92323773,8.209063226691461e-05
chr22,30009512,7.05937043354533e-08
chr22,41824950,0.004617322535571566
chr22,42727753,4.0764908022221385e-09
chr22,50701515,1.6043943383258653e-06
chr22,87786817,1.5309016210113037e-07
chr22,86567156,4.341327509691708e-10
chr22,90198479,3.205100819961146e-09
chr22,1981883,0.0005583319803028579
chr22,54625353,1.9672518031261754e-05
chr22,94774759,1.628348635321108e-07
chr22,6418952,1.0535710032171506e-05
chr22,81925517,3.0532339474152616e-06
chr22,83418648,0.0004903764307680798
chr22,95243229,3.745068254617767e-10
chr22,85749483,0.00026316981860292
chr22,52217069,0.007911901650737314
chr22,21000738,4.249721996968049e-08
chr22,19994397,1.2854051307781818e-09
chr22,12872752,8.561444341846689e-05
chr22,55832046,9.59559343436806e-05
chr22,22654924,0.000170409196369806
chr22,42434749,1.8365873001446689e-09
chr22,42835879,3.4474199926970006e-07
chr22,98101535,0.0003806885758950839
chr22,60171413,9.429774616868383e-09
chr22,84027288,3.1688046597003124e-10
chr22,52212060,1.5011447998898806e-08
chr22,61961537,0.0008834252587236934
chr22,32052238,0.001840911447402432
chr22,85370894,8.977976336503656e-07
chr22,61350924,4.927973975195171e-06
chr22,36154340,1.8932958211571408e-07
chrX,36908279,1.27196733156776e-07
chrX,53315765,3.0187285149800943e-07
chrX,6949852,0.00177805272409034
chrX,64019115,8.122115633016338e-08
chrX,48766655,3.385290184128376e-06
chrX,20748999,2.0302064567285747e-06
chrX,41078991,3.2061383954019906e-09
chrX,99621291,1.542788095510467e-08
chrX,24313511,0.0002807818698431671
chrX,21686655,3.9758706837052356e-09
chrX,72020010,3.255131666090521e-05
chrX,62509503,3.0133732186295476e-09
chrX,92174618,0.0003131858435366793
chrX,50970088,9.952238256069973e-06
chrX,32978888,3.6828827014404536e-07
chrX,23461013,1.6429247455366629e-09
chrX,18443381,2.1805007742767975e-09
chrX,48380429,0.0002399692082891301
chrX,89362401,8.522929167423338e-09
chrX,96042579,2.4240806747458156e-05
chrX,7739013,9.70049520601251e-10
chrX,45564078,2.577003167519671e-06
chrX,15263315,5.712178770462926e-09
chrX,56073945,7.375550052166808e-06
chrX,28366868,0.009659639790353015
chrX,96015782,0.009424403918285022
chrX,46677485,1.4323723088146852e-05
chrX,56608376,7.91792241613316e-06
chrX,53496899,8.300844915253172e-07
chrX,20992066,0.003028107188101938
chrX,76092303,0.0001572135434058865
chrX,67329075,3.271291496048289e-07
chrX,42822973,1.2800257373453645e-06
chrX,25133277,3.6315163395395926e-09
chrX,86129374,0.006554468940974966
chrX,42266066,1.0326533110833351e-06
chrX,63527341,0.0006426908409865039
chrX,34997463,2.118817008096152e-05
chrX,16663645,1.3939476897489755e-10
chrX,96958132,4.909986325758503e-09
chrX,75170047,6.880617008419592e-07
chrX,97432867,0.001049508454331949
chrX,72964784,3.371670068825264e-06
chrX,8997043,0.003159818844614192
chrX,87401499,1.3022521588968905e-08
chrX,64848248,3.428414705482266e-10
chrX,76441964,0.00040941090462011387
chrX,54915845,8.139188044000996e-08
chrX,19904815,0.00037495596308590676
chrX,16697605,1.17757491442787e-10
chrY,38937226,1.2025659600883186e-08
chrY,56030361,1.9853867222396713e-07
chrY,14099507,1.2650755632130471e-05
chrY,95537777,0.0004760440180920464
chrY,55769258,0.0064042147846927275
chrY,83450685,2.0331398957724708e-07
chrY,44682501,7.167535788053996e-07
chrY,76057004,5.487120292254687e-09
chrY,40929257,1.507217198102011e-09
chrY,30168537,1.0426966929554872e-09
chrY,53209619,3.791870716047681e-09
chrY,89849481,3.170835021454314e-10
chrY,80538531,0.0008553822237731858
chrY,78745411,0.0039926733200484074
chrY,14487010,3.2003271736042694e-06
chrY,47206264,0.008785497702094662
chrY,12416757,0.0001578375684624336
chrY,28270507,0.000826356298762383
chrY,6905950,4.159254884420013e-10
chrY,15218200,2.2237349985866524e-10
chrY,28736989,5.4705939817455974e-05
chrY,58315945,5.5271773816185926e-05
chrY,51275547,6.226459609824586e-05
chrY,1019675,5.046463996709533e-09
chrY,27133385,6.674245709382348e-05
chrY,41365237,3.7059961952135205e-06
chrY,5464344,6.113860769669598e-09
chrY,13310059,0.0005609776577079321
chrY,41113379,0.005383828269401289
chrY,1658003,1.1025657015995092e-07
chrY,62183416,1.708584333940481e-05
chrY,12551409,5.143220919394002e-06
chrY,16433222,0.002035181348603259
chrY,78456782,0.006689795249689173
chrY,33382711,4.106154914958417e-07
chrY,13834263,3.3010684688268915e-07
chrY,80232916,0.003818888387792184
chrY,54873131,4.99224482865593e-09
chrY,52844408,1.1070084849156187e-06
chrY,47389268,8.866648670463263e-05
chrY,28512406,0.0002601470694371566
chrY,13155863,1.96741128130166e-05
chrY,14981528,2.652846357620607e-10
chrY,25723448,0.00034346022186147274
chrY,95640288,0.0006166310224582944
chrY,29204739,4.529815662047516e-06
chrY,30489478,3.3881853116365096e-08
chrY,60509024,6.499391663277553e-07
chrY,91275388,0.0001516086683359376
chrY,18456057,4.567026933729614e-07
